{
  "id": "",
  "name": "",
  "font_family": "iconfont",
  "css_prefix_text": "icon-",
  "description": "",
  "glyphs": [
    {
      "icon_id": "5027",
      "name": "手机",
      "font_class": "shouji",
      "unicode": "3448",
      "unicode_decimal": 13384
    },
    {
      "icon_id": "7420",
      "name": "宝贝",
      "font_class": "baobei",
      "unicode": "f0294",
      "unicode_decimal": 983700
    },
    {
      "icon_id": "577341",
      "name": "购物车",
      "font_class": "gouwuche",
      "unicode": "e73d",
      "unicode_decimal": 59197
    },
    {
      "icon_id": "637807",
      "name": "信息",
      "font_class": "xinxi",
      "unicode": "e633",
      "unicode_decimal": 58931
    },
    {
      "icon_id": "745284",
      "name": "个人中心",
      "font_class": "icon03",
      "unicode": "e602",
      "unicode_decimal": 58882
    },
    {
      "icon_id": "778500",
      "name": "右箭头",
      "font_class": "youjiantou",
      "unicode": "e619",
      "unicode_decimal": 58905
    },
    {
      "icon_id": "974778",
      "name": "7天退换",
      "font_class": "7tiantuihuan",
      "unicode": "e691",
      "unicode_decimal": 59025
    },
    {
      "icon_id": "982436",
      "name": "回顶部",
      "font_class": "huidingbu",
      "unicode": "e66c",
      "unicode_decimal": 58988
    },
    {
      "icon_id": "1093910",
      "name": "15天包退",
      "font_class": "15tianbaotui01",
      "unicode": "e688",
      "unicode_decimal": 59016
    },
    {
      "icon_id": "1163347",
      "name": "新浪微博",
      "font_class": "xinlangweibo",
      "unicode": "e627",
      "unicode_decimal": 58919
    },
    {
      "icon_id": "1235221",
      "name": "微信",
      "font_class": "weixin",
      "unicode": "e62c",
      "unicode_decimal": 58924
    },
    {
      "icon_id": "2076365",
      "name": "进入箭头小",
      "font_class": "jinrujiantouxiao",
      "unicode": "e8b9",
      "unicode_decimal": 59577
    },
    {
      "icon_id": "2733969",
      "name": "人工任务",
      "font_class": "rengongrenwu",
      "unicode": "e6ee",
      "unicode_decimal": 59118
    },
    {
      "icon_id": "4298040",
      "name": "维修off",
      "font_class": "weixiuoff",
      "unicode": "e609",
      "unicode_decimal": 58889
    },
    {
      "icon_id": "9592763",
      "name": "地点",
      "font_class": "didian",
      "unicode": "e679",
      "unicode_decimal": 59001
    },
    {
      "icon_id": "27724324",
      "name": "人工",
      "font_class": "rengong",
      "unicode": "e69a",
      "unicode_decimal": 59034
    }
  ]
}
